,First Name,Gender,Start Date,Last Login Time,Salary,Bonus %,Senior Management,Team
0,Douglas,Male,1993-08-06,12:42:00,97308,6.945,1,Marketing
1,Thomas,Male,1996-03-31,06:53:00,61933,4.17,1,Marketing
2,Maria,Female,1993-04-23,11:17:00,130590,11.858,0,Finance
3,Jerry,Male,2005-03-04,13:00:00,138705,9.34,1,Finance
4,Larry,Male,1998-01-24,16:47:00,101004,1.389,1,Client Services
5,Dennis,Male,1987-04-18,01:35:00,115163,10.125,0,Legal
6,Ruby,Female,1987-08-17,16:20:00,65476,10.012,1,Product
7,Ruby,Female,2015-07-20,10:43:00,45906,11.598,0,Finance
8,Angela,Female,2005-11-22,06:29:00,95570,18.523,1,Engineering
9,Frances,Female,2002-08-08,06:51:00,139852,7.524,1,Business Development
10,Louise,Female,1980-08-12,09:01:00,63241,15.132,1,Business Development
11,Julie,Female,1997-10-26,15:19:00,102508,12.637,1,Legal
12,Brandon,Male,1980-12-01,01:08:00,112807,17.492,1,Human Resources
13,Gary,Male,2008-01-27,23:40:00,109831,5.831,0,Sales
14,Kimberly,Female,1999-01-14,07:13:00,41426,14.543,1,Finance
15,Lillian,Female,2016-06-05,06:09:00,59414,1.256,0,Product
16,Jeremy,Male,2010-09-21,05:56:00,90370,7.369,0,Human Resources
17,Shawn,Male,1986-12-07,19:45:00,111737,6.414,0,Product
18,Diana,Female,1981-10-23,10:27:00,132940,19.082,0,Client Services
19,Donna,Female,2010-07-22,03:48:00,81014,1.894,0,Product
20,Lois,Female,1995-04-22,19:18:00,64714,4.934,1,Legal
21,Matthew,Male,1995-09-05,02:12:00,100612,13.645,0,Marketing
22,Joshua,Male,2012-03-08,01:58:00,90816,18.816,1,Client Services
23,Joshua,Male,2012-06-14,16:19:00,125792,5.042,0,Client Services
24,John,Male,1992-07-01,22:08:00,97950,13.873,0,Client Services
25,John,Male,2012-10-08,01:12:00,37076,18.576,0,Client Services
26,Craig,Male,2000-02-27,07:45:00,37598,7.757,1,Marketing
27,Scott,Male,1991-07-11,18:58:00,122367,5.218,0,Legal
28,Terry,Male,1981-11-27,18:30:00,124008,13.464,1,Client Services
29,Benjamin,Male,2005-01-26,22:06:00,79529,7.008,1,Legal
30,Christina,Female,2002-08-06,13:19:00,118780,9.096,1,Engineering
31,Joyce,Female,2005-02-20,14:40:00,88657,12.752,0,Product
32,Joyce,Male,1998-08-21,14:27:00,122340,6.417,0,Product
33,Jean,Female,1993-12-18,09:07:00,119082,16.18,0,Business Development
34,Jerry,Male,2004-01-10,12:56:00,95734,19.096,0,Client Services
35,Theresa,Female,2006-10-10,01:12:00,85182,16.675,0,Sales
36,Rachel,Female,2009-02-16,20:47:00,142032,12.599,0,Business Development
37,Linda,Female,1981-10-19,20:49:00,57427,9.557,1,Client Services
38,Stephanie,Female,1986-09-13,01:52:00,36844,5.574,1,Business Development
39,Stephanie,Male,2016-01-29,02:33:00,122173,7.797,0,Client Services
40,Michael,Male,2008-10-10,11:25:00,99283,2.665,1,Distribution
41,Christine,Male,2015-06-28,01:08:00,66582,11.308,1,Business Development
42,Beverly,Female,1998-09-09,20:26:00,121918,15.835,0,Legal
43,Marilyn,Female,1980-12-07,03:16:00,73524,5.207,1,Marketing
44,Cynthia,Female,1988-11-16,18:54:00,145146,7.482,1,Product
45,Roger,Male,1980-04-17,11:32:00,88010,13.886,1,Sales
46,Bruce,Male,2009-11-28,22:47:00,114796,6.796,0,Finance
47,Kathy,Female,2005-06-22,04:51:00,66820,9.0,1,Client Services
48,Clarence,Male,1996-03-26,05:57:00,93581,6.083,1,Business Development
49,Chris,Male,1980-01-24,12:13:00,113590,3.055,0,Sales
50,Nancy,Female,2000-09-23,08:05:00,94976,13.83,1,Engineering
51,Nancy,Female,2011-12-17,08:29:00,41126,14.009,0,Sales
52,Todd,Male,1990-02-18,02:41:00,49339,1.695,1,Human Resources
53,Alan,Male,2014-03-03,13:28:00,40341,17.578,1,Finance
54,Sara,Female,2007-08-15,09:23:00,83677,8.999,0,Engineering
55,Karen,Female,1999-11-30,07:46:00,102488,17.653,1,Product
56,Carl,Male,2006-05-03,17:55:00,130276,16.084,1,Finance
57,Henry,Male,1996-06-26,01:44:00,64715,15.107,1,Human Resources
58,Theresa,Female,2010-04-11,07:18:00,72670,1.481,1,Engineering
59,Irene,Female,1997-05-07,09:32:00,66851,11.279,0,Engineering
60,Paula,Female,2005-11-23,14:01:00,48866,4.271,0,Distribution
61,Denise,Female,2001-11-06,12:03:00,106862,3.699,0,Business Development
62,Denise,Female,2007-06-12,17:25:00,58112,19.414,0,Marketing
63,Matthew,Male,2013-01-02,22:33:00,35203,18.04,0,Human Resources
64,Kathleen,Male,1990-04-11,18:46:00,77834,18.771,0,Business Development
65,Steve,Male,2009-11-11,23:44:00,61310,12.428,1,Distribution
66,Nancy,Female,2012-12-15,23:57:00,125250,2.672,1,Business Development
67,Rachel,Female,1999-08-16,06:53:00,51178,9.735,1,Finance
68,Jose,Male,2004-10-30,13:39:00,84834,14.33,1,Finance
69,Irene,Male,2015-07-14,16:31:00,100863,4.382,1,Finance
70,Todd,Male,2003-06-10,14:26:00,84692,6.617,0,Client Services
71,Johnny,Male,2009-11-06,16:23:00,118172,16.194,1,Sales
72,Bobby,Male,2007-05-07,10:01:00,54043,3.833,0,Product
73,Frances,Female,1999-04-04,16:19:00,90582,4.709,1,Sales
74,Thomas,Male,1995-06-04,14:24:00,62096,17.029,0,Marketing
75,Bonnie,Female,1991-07-02,01:27:00,104897,5.118,1,Human Resources
76,Margaret,Female,1988-09-10,12:42:00,131604,7.353,1,Distribution
77,Charles,Male,2004-09-14,20:13:00,107391,1.26,1,Marketing
78,Robin,Female,1983-06-04,15:15:00,114797,5.965,1,Sales
79,Bonnie,Female,1988-11-13,15:30:00,115814,4.99,0,Product
80,Gerald,Female,1995-03-17,00:50:00,137126,15.602,1,Sales
81,Christopher,Male,2008-03-30,10:52:00,47369,14.822,0,Legal
82,Steven,Male,1980-03-30,21:20:00,35095,8.379,1,Client Services
83,Shawn,Male,2005-09-23,02:55:00,148115,6.539,1,Finance
84,Doris,Female,2004-08-20,05:51:00,83072,7.511,0,Finance
85,Jeremy,Male,2008-02-01,08:50:00,100238,3.887,1,Client Services
86,Annie,Male,2007-09-29,00:11:00,103495,17.29,1,Business Development
87,Annie,Female,1993-01-30,02:05:00,144887,8.276,1,Sales
88,Donna,Female,1991-11-27,13:59:00,64088,6.155,1,Legal
89,Janice,Female,2016-03-12,00:40:00,51082,11.955,0,Legal
90,Janice,Female,1997-08-21,05:12:00,91719,11.583,1,Legal
91,James,Female,2005-01-26,23:00:00,128771,8.309,0,Legal
92,Linda,Female,2000-05-25,17:45:00,119009,12.506,1,Business Development
93,Virginia,Female,1994-05-07,17:58:00,111858,1.601,1,Legal
94,Harry,Male,1981-08-26,15:16:00,130620,7.03,0,Legal
95,Heather,Female,1998-07-11,14:17:00,43026,14.166,0,Client Services
96,Cynthia,Female,1994-03-21,08:34:00,142321,1.737,0,Finance
97,Laura,Female,2014-07-19,21:23:00,140371,10.62,1,Marketing
98,Tina,Female,2016-06-16,19:47:00,100705,16.961,1,Marketing
99,Harold,Male,1985-01-02,21:40:00,77544,12.447,0,Business Development
100,Melissa,Female,2005-06-21,06:33:00,48109,14.995,0,Finance
101,Aaron,Male,2012-02-17,10:20:00,61602,11.849,1,Marketing
102,Jack,Male,1997-01-12,05:51:00,103902,12.159,0,Client Services
103,Phyllis,Female,1996-10-11,21:30:00,136984,8.932,1,Finance
104,John,Male,1989-12-23,07:01:00,80740,19.305,0,Marketing
105,Kathy,Female,1996-03-09,04:33:00,91712,8.567,0,Finance
106,Paul,Male,1993-08-04,19:25:00,42146,3.046,0,Legal
107,Steven,Male,2013-04-23,22:12:00,68680,16.565,0,Legal
108,Russell,Male,1988-05-05,07:57:00,133980,12.396,1,Legal
109,Christopher,Male,2000-04-22,10:15:00,37919,11.449,0,Legal
110,Shirley,Female,2001-06-20,22:39:00,147113,16.135,0,Legal
111,Bonnie,Female,1999-12-17,15:12:00,42153,8.454,1,Business Development
112,Willie,Male,2003-11-27,06:21:00,64363,4.023,0,Marketing
113,Tina,Female,2009-06-12,07:16:00,114767,3.711,1,Engineering
114,Ashley,Female,2002-08-04,11:00:00,58698,6.811,1,Business Development
115,Pamela,Female,1982-07-01,06:51:00,54585,4.166,0,Product
116,Pamela,Male,1991-06-22,20:58:00,76189,18.988,0,Legal
117,Steven,Male,1995-03-01,15:03:00,109095,9.494,0,Finance
118,Andrea,Female,2012-01-12,05:43:00,120204,9.557,0,Business Development
119,Paul,Male,2008-06-03,15:05:00,41054,12.299,0,Marketing
120,Peter,Male,1994-11-17,18:15:00,84885,15.402,0,Business Development
121,Kathleen,Male,2016-05-09,08:55:00,119735,18.74,0,Product
122,Christina,Female,2012-04-13,14:04:00,110169,13.892,1,Engineering
123,Helen,Female,2001-11-29,02:30:00,73789,14.841,1,Product
124,Marilyn,Female,1983-11-16,08:29:00,76078,2.401,1,Product
125,Patricia,Female,2003-09-01,06:46:00,49368,14.226,0,Human Resources
126,Michelle,Female,1984-03-30,18:43:00,57325,17.179,1,Human Resources
127,William,Male,2002-09-29,16:09:00,66521,5.83,0,Human Resources
128,Kenneth,Male,1987-08-25,21:16:00,127654,16.439,1,Client Services
129,Antonio,Male,1988-10-25,13:50:00,60866,13.101,1,Business Development
130,Shirley,Female,1984-05-01,13:15:00,41334,6.219,1,Human Resources
131,Rebecca,Female,1992-07-10,00:23:00,94231,17.517,0,Product
132,Carlos,Male,1995-01-04,07:02:00,146670,10.763,0,Human Resources
133,Lois,Female,1987-12-25,16:16:00,106317,2.235,1,Client Services
134,Carolyn,Female,2011-04-09,05:38:00,109260,2.65,1,Business Development
135,Gloria,Female,2007-06-29,05:34:00,134148,8.833,1,Legal
136,Henry,Male,1995-04-24,04:18:00,43542,19.687,0,Legal
137,Adam,Male,2011-05-21,01:45:00,95327,15.12,0,Distribution
138,Ashley,Female,2006-05-25,11:30:00,112238,6.03,1,Engineering
139,Ashley,Female,1990-10-03,01:08:00,132373,10.527,0,Engineering
140,Shirley,Female,1981-02-28,13:23:00,113850,1.854,0,Marketing
141,Adam,Male,1990-12-24,20:57:00,110194,14.727,1,Product
142,Elizabeth,Female,2003-10-09,17:53:00,146129,5.687,0,Finance
143,Teresa,Female,2016-01-28,10:55:00,140013,8.689,1,Engineering
144,Nicole,Female,1982-03-05,14:28:00,122717,12.452,0,Sales
145,Jennifer,Female,2009-04-04,22:47:00,71715,13.079,1,Client Services
146,Patricia,Female,1992-11-25,02:24:00,95322,4.15,0,Product
147,Philip,Male,2008-07-17,13:30:00,89227,3.996,0,Legal
148,Patrick,Male,1991-07-14,02:24:00,124488,14.837,1,Sales
149,Patrick,Female,2014-08-17,14:00:00,86230,8.578,0,Distribution
150,Sean,Male,1996-05-04,20:59:00,135490,19.934,0,Marketing
151,Brandon,Male,1997-11-03,20:17:00,121333,15.295,0,Business Development
152,Ruth,Female,1999-08-19,04:03:00,129297,8.067,1,Client Services
153,Victor,Female,2011-03-10,20:40:00,84546,10.489,1,Finance
154,Rebecca,Female,1980-11-15,04:13:00,85730,5.359,1,Product
155,Marie,Female,2003-03-16,00:12:00,104058,17.695,1,Business Development
156,Howard,Male,1992-04-27,01:10:00,105062,1.563,0,Human Resources
157,Howard,Female,2005-07-27,08:32:00,79536,14.443,0,Product
158,Norma,Female,1999-02-28,20:45:00,114412,8.756,1,Marketing
159,James,Female,1983-11-22,22:52:00,68501,14.316,0,Marketing
160,Kathy,Female,2000-03-18,19:26:00,149563,16.991,1,Finance
161,Marilyn,Female,1999-08-22,09:09:00,103386,11.451,0,Distribution
162,Arthur,Male,1998-04-13,11:28:00,89786,14.422,1,Legal
163,Terry,Male,1990-09-03,21:15:00,52226,19.135,0,Client Services
164,Mary,Female,1999-08-13,01:03:00,134645,18.197,0,Business Development
165,Mary,Female,2014-03-23,13:28:00,59148,9.061,0,Legal
166,Mary,Female,1991-07-09,18:52:00,42341,7.014,0,Sales
167,Christopher,Male,2011-12-24,12:22:00,142178,17.984,1,Sales
168,Peter,Male,1987-09-03,17:59:00,38989,7.017,1,Marketing
169,Michelle,Female,1996-11-04,21:34:00,53754,5.455,1,Product
170,Irene,Female,1992-01-29,11:36:00,133772,19.02,1,Sales
171,Patrick,Male,2007-08-17,03:16:00,143499,17.495,1,Engineering
172,Sara,Female,1991-09-23,18:17:00,97058,9.402,0,Finance
173,Lillian,Female,2008-12-21,18:51:00,85446,3.959,1,Engineering
174,Lillian,Female,2007-09-18,18:59:00,40297,6.185,0,Client Services
175,Willie,Male,1998-02-17,20:20:00,146651,1.451,1,Engineering
176,Victor,Male,2003-01-08,13:02:00,124486,10.166,0,Product
177,Wayne,Male,2012-04-07,08:00:00,102652,14.085,1,Distribution
178,Jane,Female,1997-09-03,02:01:00,144474,17.648,0,Product
179,Jessica,Female,1995-10-23,05:53:00,68759,19.343,1,Finance
180,Mark,Male,2008-04-12,17:40:00,57286,5.025,1,Business Development
181,Randy,Male,1999-11-14,12:12:00,58129,1.952,1,Distribution
182,Lillian,Female,1999-06-19,16:44:00,123940,12.184,1,Business Development
183,Ruth,Female,1999-05-18,05:56:00,98233,2.518,1,Distribution
184,Jerry,Male,2003-12-18,06:46:00,140810,9.177,1,Client Services
185,Sandra,Female,1983-01-19,07:25:00,42090,8.842,1,Legal
186,Sandra,Female,2005-02-23,21:50:00,149654,1.825,0,Sales
187,Roger,Male,2004-11-19,15:55:00,51430,6.46,0,Marketing
188,Charles,Male,2000-10-14,21:40:00,71749,15.931,0,Legal
189,Clarence,Male,1998-05-02,03:16:00,85700,1.215,0,Sales
190,Carol,Female,1996-03-19,03:39:00,57783,9.129,0,Finance
191,Lois,Female,2013-10-18,16:51:00,36946,6.652,0,Engineering
192,Barbara,Female,2003-05-03,19:32:00,99326,16.475,1,Legal
193,Rebecca,Female,1995-02-18,06:50:00,109259,4.443,1,Legal
194,Irene,Female,2004-01-30,20:25:00,131038,8.996,0,Distribution
195,Ronald,Male,2014-04-30,14:19:00,121068,12.757,1,Product
196,Steven,Male,1985-11-10,10:53:00,62719,19.127,0,Client Services
197,Carolyn,Female,2012-11-06,03:51:00,69268,3.031,0,Client Services
198,Maria,Female,1990-12-27,21:57:00,36067,9.64,1,Product
199,Jonathan,Male,2009-07-17,08:15:00,130581,16.736,1,Product
200,Gary,Male,1987-08-12,00:04:00,89661,8.525,0,Finance
201,Kimberly,Female,1997-07-15,05:57:00,36643,7.953,0,Marketing
202,Roger,Male,1982-11-08,02:32:00,140558,5.084,1,Sales
203,Diana,Female,2013-01-04,07:53:00,103521,2.784,1,Business Development
204,Willie,Male,2006-06-06,09:45:00,55281,4.935,1,Marketing
205,Brandon,Male,2006-03-27,17:54:00,115711,8.012,1,Finance
206,Patricia,Female,2012-12-06,04:01:00,114079,8.399,1,Client Services
207,Katherine,Female,1999-11-14,08:15:00,57531,1.767,0,Client Services
208,Jonathan,Male,1987-10-12,02:59:00,141069,4.903,0,Human Resources
209,Emily,Female,2007-09-20,11:25:00,89434,11.295,0,Engineering
210,Ruth,Female,1986-08-12,19:29:00,44639,9.148,1,Legal
211,Linda,Female,2006-06-24,12:04:00,110967,19.612,1,Human Resources
212,Lisa,Female,2009-11-02,09:42:00,115387,1.821,0,Client Services
213,Evelyn,Female,1980-05-24,23:10:00,81673,15.364,1,Engineering
214,Julie,Female,1989-07-23,13:52:00,109588,3.55,0,Engineering
215,Mary,Female,2009-05-30,23:41:00,92544,3.8,0,Client Services
216,Matthew,Male,2013-07-31,08:04:00,142373,2.462,0,Marketing
217,Douglas,Male,1999-09-03,16:00:00,83341,1.015,1,Client Services
218,Gregory,Male,1992-06-15,05:08:00,98865,10.628,1,Finance
219,Billy,Male,1995-03-13,12:05:00,120444,7.768,1,Finance
220,Billy,Female,1991-06-17,12:49:00,71945,5.56,0,Marketing
221,Gregory,Male,2000-01-29,06:01:00,109564,3.845,0,Legal
222,Jason,Male,1999-10-17,22:09:00,78417,3.067,0,Finance
223,Daniel,Male,2010-04-30,03:48:00,106947,15.866,1,Legal
224,Sarah,Female,1995-09-14,07:50:00,87298,2.311,0,Distribution
225,Harry,Male,2015-10-01,19:47:00,64579,15.266,1,Sales
226,Kathy,Female,1995-04-19,00:46:00,50905,9.404,1,Finance
227,Todd,Male,1999-04-13,10:31:00,59728,11.226,1,Client Services
228,Bobby,Male,1994-09-23,01:29:00,51685,17.445,1,Engineering
229,Jeremy,Male,2000-06-08,00:15:00,49542,1.679,1,Distribution
230,George,Male,1988-02-24,11:29:00,38375,8.999,0,Legal
231,Diane,Female,1993-04-18,03:22:00,64084,17.018,0,Product
232,Marilyn,Female,1997-04-04,21:28:00,147663,10.263,0,Human Resources
233,Kathryn,Female,2004-02-04,13:47:00,73935,14.752,0,Sales
234,Irene,Female,1982-02-04,17:26:00,40837,12.182,1,Client Services
235,Norma,Female,2015-02-11,23:44:00,94393,3.643,1,Engineering
236,Laura,Female,2006-04-02,13:57:00,42087,2.624,0,Product
237,Cheryl,Female,2008-09-23,02:57:00,52080,9.375,0,Legal
238,Kevin,Male,1982-03-25,07:31:00,35061,5.128,0,Legal
239,Lillian,Male,2016-05-12,15:43:00,64164,17.612,0,Human Resources
240,Phyllis,Male,1984-04-21,19:05:00,94088,19.107,0,Distribution
241,Walter,Male,1983-07-06,23:54:00,127813,5.961,0,Finance
242,Robert,Male,1990-10-27,19:15:00,38041,18.428,1,Engineering
243,Jimmy,Male,1986-10-07,17:53:00,126310,5.413,1,Product
244,Clarence,Male,1996-10-08,12:53:00,142561,8.866,0,Client Services
245,Victor,Male,1991-04-11,07:44:00,70817,17.138,0,Engineering
246,Fred,Male,1984-12-02,14:03:00,59937,12.045,1,Human Resources
247,Brenda,Male,2010-07-27,23:07:00,106115,3.742,1,Product
248,Justin,Male,1992-12-06,17:58:00,82782,4.366,1,Distribution
249,Betty,Female,2002-06-12,03:59:00,104896,19.55,1,Business Development
250,Randy,Female,1986-02-06,15:04:00,133943,8.94,1,Sales
251,Sharon,Female,1990-03-01,03:46:00,83658,6.513,0,Business Development
252,Ralph,Male,2004-11-11,01:35:00,71896,4.232,1,Marketing
253,Ralph,Male,2003-04-28,03:01:00,113732,10.391,0,Sales
254,Edward,Male,1985-05-27,22:13:00,110485,7.995,0,Client Services
255,Denise,Female,2009-03-20,07:57:00,115118,5.108,0,Human Resources
256,Debra,Female,1998-03-13,23:16:00,48696,4.75,0,Legal
257,Debra,Male,1999-11-25,06:16:00,42676,15.517,0,Sales
258,Michael,Male,2002-01-24,03:04:00,43586,12.659,0,Sales
259,Henry,Male,1995-02-06,08:34:00,89258,15.585,1,Human Resources
260,Gloria,Female,2007-03-27,01:44:00,90730,2.491,0,Distribution
261,Marie,Female,1995-08-06,13:58:00,100308,13.677,0,Product
262,Anne,Female,1986-07-16,14:08:00,69134,3.723,1,Engineering
263,Sarah,Female,1985-11-21,13:08:00,58295,14.603,1,Engineering
264,Stephanie,Female,1983-03-24,11:15:00,50141,13.218,1,Human Resources
265,Roy,Male,2004-09-23,13:31:00,101941,3.45,0,Client Services
266,Roy,Female,2009-08-05,08:14:00,115145,14.063,0,Distribution
267,Roy,Male,2005-02-04,13:01:00,40451,16.044,0,Distribution
268,Irene,Female,1982-03-03,08:26:00,56526,5.81,1,Finance
269,Irene,Female,1992-08-02,20:35:00,145316,18.517,0,Human Resources
270,Thomas,Male,2011-04-06,13:04:00,103235,9.554,1,Human Resources
271,Frank,Male,2001-11-20,10:18:00,58563,12.062,1,Marketing
272,Fred,Male,1980-02-20,02:25:00,74129,18.225,0,Product
273,Nicholas,Male,1994-04-12,20:21:00,74669,1.113,1,Product
274,Howard,Male,1982-10-05,07:22:00,97490,5.46,1,Marketing
275,Debra,Female,1994-02-22,22:25:00,104250,18.456,1,Business Development
276,Christine,Female,1989-07-03,04:01:00,94345,11.996,0,Finance
277,Brenda,Female,1991-05-29,06:32:00,82439,19.062,0,Sales
278,Betty,Female,2005-06-28,18:03:00,51613,12.984,0,Distribution
279,Ruby,Female,2000-11-08,19:35:00,105946,1.139,0,Business Development
280,Kevin,Male,1997-07-12,02:07:00,46080,9.635,0,Business Development
281,Arthur,Male,2014-01-01,19:46:00,134610,6.147,1,Human Resources
282,Carl,Male,2014-02-07,03:57:00,125104,12.345,0,Client Services
283,Todd,Male,2009-03-11,03:43:00,107281,1.612,1,Engineering
284,Brenda,Female,2005-10-06,21:33:00,141521,4.337,0,Client Services
285,Judy,Female,1997-09-16,00:10:00,65931,2.304,0,Human Resources
286,Todd,Male,1984-02-02,10:13:00,69989,10.985,1,Finance
287,Lois,Female,2011-11-09,07:06:00,147183,9.999,1,Client Services
288,Walter,Female,1999-12-21,22:33:00,66757,18.099,0,Distribution
289,Jessica,Female,1985-09-27,13:35:00,75145,6.388,1,Legal
290,Jeremy,Male,1988-06-14,18:20:00,129460,13.657,1,Legal
291,Tammy,Female,1984-11-11,10:30:00,132839,17.463,1,Client Services
292,Anne,Female,2000-03-07,06:45:00,44537,18.284,1,Client Services
293,Jesse,Male,1999-10-25,15:35:00,118733,9.653,0,Marketing
294,Virginia,Female,1999-10-20,06:23:00,46905,19.154,0,Distribution
295,Jesse,Male,1981-03-02,19:26:00,79582,3.873,0,Legal
296,Jeremy,Male,1996-11-10,13:49:00,55394,3.18,1,Sales
297,Daniel,Male,2007-09-15,22:16:00,123811,7.664,1,Human Resources
298,Patrick,Male,2004-08-30,11:43:00,137314,4.542,1,Marketing
299,Emily,Female,1988-01-13,06:42:00,36711,19.028,1,Human Resources
300,Alan,Male,1988-06-26,03:54:00,111786,3.592,1,Engineering
301,James,Male,2015-07-11,20:52:00,72257,13.023,0,Engineering
302,Adam,Male,2007-07-05,11:59:00,71276,5.027,1,Human Resources
303,Joan,Male,1980-07-25,12:22:00,38712,3.657,0,Client Services
304,Jeremy,Male,1981-08-12,00:05:00,46930,18.702,1,Finance
305,Margaret,Female,1993-02-06,13:05:00,125220,3.733,0,Marketing
306,Mark,Male,1984-04-01,13:21:00,121477,17.44,1,Business Development
307,Marilyn,Female,1981-09-26,02:23:00,86386,2.937,0,Distribution
308,Cheryl,Female,2009-09-08,10:16:00,81308,2.196,1,Legal
309,Benjamin,Male,1984-09-11,06:37:00,84810,15.794,0,Marketing
310,Harold,Male,1990-02-20,23:00:00,66775,2.158,1,Legal
311,Ernest,Male,2002-01-18,01:51:00,72145,13.448,1,Finance
312,Gerald,Male,2001-04-16,22:09:00,121604,1.923,1,Sales
313,Judy,Female,1991-07-01,02:33:00,109510,13.457,1,Legal
314,Bobby,Male,1996-03-31,17:40:00,112117,6.338,0,Legal
315,Bobby,Male,1995-09-01,14:09:00,108127,15.858,0,Client Services
316,Marie,Female,2013-10-03,20:05:00,123711,10.966,0,Product
317,Kathy,Female,2013-12-18,15:09:00,132381,8.34,0,Business Development
318,Roy,Male,2006-08-06,07:52:00,148225,1.841,0,Finance
319,Jacqueline,Female,1981-11-25,15:01:00,145988,18.243,0,Marketing
320,Jacqueline,Female,2008-07-08,23:40:00,62960,14.356,0,Sales
321,Julie,Female,1986-03-23,09:26:00,56926,7.507,0,Sales
322,Douglas,Male,2002-01-08,18:42:00,41428,14.372,0,Product
323,Linda,Female,1990-12-16,02:20:00,115658,3.041,1,Sales
324,Ruby,Female,1988-12-10,20:27:00,76707,6.031,0,Business Development
325,Russell,Male,2005-01-02,01:48:00,60388,17.885,0,Client Services
326,Jeffrey,Male,1997-06-18,20:01:00,45150,12.075,1,Product
327,Aaron,Male,1994-01-29,18:48:00,58755,5.097,1,Marketing
328,Samuel,Male,1991-12-19,02:54:00,76076,5.319,1,Finance
329,Samuel,Male,2010-01-27,02:57:00,87760,14.987,0,Engineering
330,Randy,Male,2014-03-16,18:24:00,135119,7.887,0,Client Services
331,Evelyn,Female,1983-09-03,13:58:00,36759,17.269,1,Marketing
332,Fred,Male,1987-02-13,14:15:00,121723,18.645,1,Product
333,Shirley,Female,1986-06-08,02:25:00,110061,7.494,0,Client Services
334,Todd,Male,2011-05-23,16:14:00,85074,1.844,0,Client Services
335,Robert,Male,2014-11-18,05:00:00,85799,19.93,0,Finance
336,Mark,Male,2007-01-22,14:37:00,75150,12.182,1,Legal
337,Earl,Male,2000-01-05,17:46:00,91344,4.035,1,Sales
338,Richard,Male,2005-09-27,01:41:00,86326,10.717,0,Product
339,Michael,Male,1991-11-22,12:57:00,98753,16.443,1,Human Resources
340,Steven,Male,2009-05-12,14:14:00,113060,2.846,1,Sales
341,Carlos,Male,2007-09-19,01:01:00,77327,11.58,1,Finance
342,Marie,Female,2011-10-20,22:09:00,62666,10.247,0,Product
343,Ronald,Male,2009-02-24,14:09:00,96633,4.99,1,Engineering
344,Scott,Male,2009-05-12,04:36:00,58248,3.914,0,Business Development
345,Steven,Male,2006-11-21,08:30:00,83706,6.96,1,Human Resources
346,James,Male,1998-11-22,03:48:00,74086,5.778,1,Human Resources
347,Lori,Female,1988-03-31,22:59:00,95389,14.223,0,Sales
348,Philip,Male,1989-08-02,11:21:00,129968,19.897,0,Finance
349,Phyllis,Female,2005-11-24,23:57:00,140347,8.723,0,Sales
350,Thomas,Female,1995-08-31,20:31:00,41549,3.95,0,Sales
351,Cynthia,Female,2012-12-03,23:03:00,74287,10.751,0,Sales
352,Cynthia,Male,2011-10-09,09:29:00,69906,4.844,0,Engineering
353,Cynthia,Male,1997-04-22,21:36:00,65078,3.095,0,Marketing
354,Elizabeth,Female,2005-11-10,04:56:00,106406,1.782,1,Legal
355,Andrea,Female,2003-09-14,22:30:00,115913,12.121,0,Legal
356,Judy,Female,1990-02-01,15:32:00,38092,5.668,0,Distribution
357,Russell,Male,2014-08-13,15:51:00,121160,7.843,0,Engineering
358,Scott,Male,2011-12-17,03:45:00,90429,4.45,0,Product
359,Sarah,Female,1994-05-22,07:06:00,64207,7.824,1,Client Services
360,Susan,Female,2004-09-25,01:30:00,80688,18.892,1,Sales
361,Margaret,Female,2014-05-05,06:01:00,55044,4.078,0,Sales
362,Joshua,Male,2009-11-09,06:32:00,72893,9.555,0,Distribution
363,Justin,Male,2005-04-15,20:43:00,96978,13.865,0,Finance
364,Juan,Male,2002-04-16,23:09:00,97364,3.595,0,Product
365,Gloria,Male,1983-07-19,01:57:00,140885,1.113,0,Human Resources
366,Jennifer,Male,1989-01-24,20:38:00,58520,16.231,1,Client Services
367,Edward,Male,1989-08-04,06:06:00,66067,10.957,1,Client Services
368,Marilyn,Female,1982-12-17,12:10:00,147183,8.748,0,Business Development
369,Mary,Female,2009-10-18,18:32:00,87721,12.484,0,Product
370,Linda,Female,2009-07-15,22:12:00,144001,2.194,0,Business Development
371,Larry,Male,2003-08-27,13:00:00,91133,5.14,0,Sales
372,Albert,Male,1997-02-01,16:20:00,67827,19.717,1,Engineering
373,Kenneth,Male,1999-04-13,22:28:00,81839,12.072,0,Sales
374,Kenneth,Female,2006-12-31,23:02:00,81444,3.171,0,Distribution
375,Gregory,Female,2011-07-09,23:31:00,137661,4.805,1,Sales
376,Brandon,Male,2015-10-16,02:44:00,112548,4.664,0,Engineering
377,Stephen,Male,1987-04-09,12:47:00,111249,10.574,1,Human Resources
378,Russell,Male,1994-10-30,05:46:00,114334,9.669,0,Product
379,Russell,Female,2002-09-18,12:39:00,118906,4.537,0,Marketing
380,Pamela,Female,2001-07-15,13:33:00,72979,5.66,0,Sales
381,Scott,Male,1996-08-03,01:50:00,64172,10.894,1,Engineering
382,Scott,Female,1996-04-18,15:57:00,107024,12.182,0,Engineering
383,Carlos,Male,2010-07-28,15:08:00,50167,2.362,0,Product
384,Jack,Male,1980-12-24,22:58:00,106995,15.723,0,Product
385,Debra,Female,2010-01-19,08:48:00,70492,8.895,0,Client Services
386,Phyllis,Female,1995-01-15,05:27:00,125881,16.697,0,Sales
387,Robert,Male,1994-10-29,04:26:00,123294,19.894,0,Client Services
388,Gloria,Female,1989-09-19,19:40:00,131045,11.312,1,Product
389,Sharon,Female,1984-10-28,17:59:00,97635,10.413,1,Client Services
390,Barbara,Female,2001-04-26,00:22:00,94493,13.443,1,Sales
391,Marilyn,Female,1989-08-15,09:14:00,140502,9.989,1,Sales
392,Ralph,Male,2010-10-27,10:28:00,106310,4.03,1,Client Services
393,Harry,Male,1996-12-05,05:45:00,46240,6.976,1,Engineering
394,Robin,Female,1998-01-08,02:12:00,111163,5.025,1,Product
395,Kathy,Female,2001-11-25,21:55:00,93753,7.094,1,Sales
396,Rose,Female,2002-07-06,15:57:00,63494,19.385,1,Human Resources
397,Clarence,Male,2005-01-13,09:00:00,116693,13.835,1,Distribution
398,Doris,Female,1992-07-29,18:40:00,85215,7.425,1,Human Resources
399,Kathryn,Female,1988-06-09,09:29:00,86439,7.799,0,Finance
400,Billy,Female,2004-03-16,08:21:00,62913,18.241,1,Marketing
401,Norma,Female,1996-04-16,05:40:00,38872,9.302,1,Business Development
402,Richard,Female,1992-11-28,17:05:00,124655,14.272,1,Engineering
403,Craig,Male,1984-02-08,04:45:00,113506,19.642,0,Marketing
404,Sarah,Male,1990-07-20,22:49:00,109980,8.86,0,Sales
405,Sharon,Female,2014-03-09,16:39:00,91522,7.564,0,Finance
406,Mary,Female,2010-08-22,08:03:00,42214,17.538,1,Business Development
407,Steve,Female,2002-02-23,03:55:00,83159,9.55,1,Distribution
408,Joe,Male,2010-12-05,16:20:00,144082,1.62,1,Client Services
409,Jeremy,Male,1994-05-29,06:24:00,47885,19.276,1,Human Resources
410,Ernest,Male,2012-08-14,11:25:00,126232,6.191,1,Sales
411,Kevin,Male,1981-06-23,20:26:00,134598,11.699,0,Business Development
412,Jacqueline,Female,2007-02-11,02:01:00,66604,14.609,0,Legal
413,Johnny,Male,1992-09-14,08:21:00,115194,5.861,1,Marketing
414,Gary,Male,2011-08-18,08:12:00,49101,11.9,1,Business Development
415,Shirley,Male,1990-11-16,18:01:00,67811,12.699,0,Finance
416,Shirley,Male,2008-06-29,05:23:00,111043,5.966,0,Distribution
417,Sarah,Male,1981-08-31,14:51:00,37748,9.047,0,Human Resources
418,Julia,Female,1982-03-02,12:52:00,36403,2.664,1,Finance
419,Dorothy,Female,2013-11-05,22:50:00,140136,3.12,1,Business Development
420,Justin,Male,1986-05-22,06:30:00,121508,19.334,1,Finance
421,Kevin,Male,1986-11-20,18:59:00,79906,18.021,1,Sales
422,Victor,Male,2005-09-24,12:04:00,123144,16.261,1,Product
423,Deborah,Female,1980-11-25,04:33:00,46953,17.436,0,Client Services
424,Matthew,Female,2003-06-09,07:35:00,79443,14.637,0,Human Resources
425,Alice,Female,1986-05-02,01:50:00,51395,2.378,1,Finance
426,Todd,Male,2016-03-16,14:45:00,134408,3.56,1,Human Resources
427,Frank,Male,1981-01-10,13:30:00,71853,8.037,1,Sales
428,Christopher,Male,1999-05-13,10:48:00,68028,7.869,1,Finance
429,Rose,Female,2015-05-28,08:40:00,149903,5.63,0,Human Resources
430,Andrea,Female,2010-10-01,11:54:00,79123,19.422,0,Distribution
431,Charles,Male,1999-12-16,20:28:00,104014,7.077,0,Legal
432,Jessica,Male,2015-03-07,20:45:00,121160,12.993,0,Client Services
433,Wanda,Female,2008-07-20,13:44:00,65362,7.132,1,Legal
434,Joyce,Female,1995-02-07,07:38:00,50701,14.227,1,Legal
435,Billy,Male,2006-12-01,15:32:00,144709,10.069,1,Distribution
436,Kathryn,Female,2007-08-29,06:10:00,53061,11.864,1,Finance
437,Denise,Female,2001-03-18,00:02:00,36697,11.196,1,Sales
438,Jason,Male,1998-11-20,14:54:00,69244,6.22,1,Sales
439,Nicholas,Male,2013-03-01,21:26:00,101036,2.826,1,Human Resources
440,Aaron,Male,1990-07-22,14:53:00,52119,11.343,1,Client Services
441,Louise,Female,2003-05-13,09:47:00,46666,1.886,1,Business Development
442,Julie,Female,1998-04-23,05:52:00,73437,2.518,1,Finance
443,Kathy,Female,1987-05-08,18:19:00,86318,18.492,1,Sales
444,Kathy,Male,2016-05-24,21:17:00,76409,7.008,0,Distribution
445,Chris,Male,2006-12-12,01:57:00,71642,1.496,0,Distribution
446,Cheryl,Female,1994-08-16,08:33:00,67150,15.85,1,Marketing
447,Gregory,Male,2009-05-15,15:52:00,142208,11.204,1,Engineering
448,Wayne,Male,1992-01-30,15:01:00,81183,17.066,0,Client Services
449,Beverly,Female,2005-11-30,02:57:00,107163,3.665,1,Human Resources
450,Willie,Male,2009-08-22,13:03:00,55038,19.691,0,Legal
451,Terry,Male,2016-07-15,00:29:00,140002,19.49,1,Marketing
452,Scott,Male,2012-11-17,14:47:00,146812,1.965,1,Marketing
453,Annie,Female,1994-12-19,06:19:00,40119,4.338,1,Human Resources
454,Annie,Male,1995-02-21,00:26:00,136602,10.429,0,Marketing
455,Ruth,Female,2000-10-24,04:13:00,69579,18.029,1,Human Resources
456,Deborah,Female,1983-02-03,23:38:00,101457,6.662,0,Engineering
457,Patricia,Female,2015-01-09,04:16:00,121232,16.624,0,Legal
458,Albert,Male,2007-09-30,17:34:00,102626,15.843,0,Finance
459,Charles,Male,1987-03-01,13:00:00,137171,5.574,1,Marketing
460,Tina,Female,2005-01-17,09:11:00,88276,14.248,0,Legal
461,Jeremy,Male,2001-08-09,03:56:00,43354,13.946,0,Marketing
462,Craig,Male,1996-04-14,09:17:00,125556,7.996,0,Engineering
463,Jose,Male,2002-07-11,09:15:00,59862,3.269,0,Product
464,Lawrence,Male,2005-05-13,01:25:00,74640,18.641,0,Marketing
465,Helen,Female,1997-10-31,02:43:00,52875,4.188,0,Legal
466,Walter,Male,2007-08-04,13:59:00,58789,5.461,0,Sales
467,Amy,Female,2002-06-19,03:06:00,122897,8.222,1,Engineering
468,Janice,Female,1997-06-28,13:48:00,136032,10.696,1,Marketing
469,Stephen,Male,2015-05-09,19:07:00,141958,9.078,1,Legal
470,Ryan,Male,1993-07-20,22:18:00,139917,11.466,0,Distribution
471,Sharon,Female,2002-03-12,06:32:00,147635,14.693,0,Human Resources
472,Joshua,Male,1984-07-10,19:22:00,68230,8.047,0,Client Services
473,Clarence,Male,1992-08-20,20:23:00,124365,8.457,0,Business Development
474,Jonathan,Male,2002-08-15,00:01:00,104749,11.364,0,Engineering
475,Stephanie,Female,1992-11-26,00:54:00,122121,7.937,1,Engineering
476,Kathy,Female,1996-10-25,12:59:00,143541,8.461,0,Human Resources
477,Albert,Male,2008-08-14,17:43:00,137840,9.705,0,Business Development
478,Michael,Male,2011-05-22,10:42:00,73354,18.357,0,Business Development
479,Richard,Male,1997-07-04,11:47:00,47647,18.787,1,Business Development
480,Amy,Female,2008-03-30,22:54:00,106249,15.967,0,Sales
481,Amy,Female,2013-04-27,06:40:00,93847,1.085,0,Business Development
482,Beverly,Female,1995-05-03,05:49:00,104815,3.38,0,Product
483,Beverly,Female,1992-04-26,20:01:00,115436,3.099,0,Human Resources
484,Joe,Male,2000-04-14,15:14:00,50645,11.119,0,Marketing
485,Ashley,Female,1997-08-15,21:48:00,142415,1.985,1,Finance
486,Howard,Male,2012-04-09,06:36:00,37984,2.021,0,Distribution
487,Cheryl,Female,2014-12-03,09:27:00,71751,15.918,0,Business Development
488,Robert,Male,2007-03-11,11:20:00,135882,19.944,0,Legal
489,Sharon,Female,2011-07-01,09:50:00,46007,19.731,1,Client Services
490,Judith,Female,2007-11-23,13:22:00,117055,7.461,0,Marketing
491,Nicholas,Female,1989-09-09,19:12:00,58478,6.525,1,Distribution
492,Jerry,Male,1995-01-30,19:51:00,121357,18.845,0,Business Development
493,Craig,Male,2005-11-01,23:31:00,44857,13.266,0,Finance
494,Barbara,Female,2002-03-21,08:02:00,47322,7.25,1,Sales
495,Eugene,Male,1984-05-24,10:54:00,81077,2.117,0,Sales
496,Johnny,Male,2016-02-26,19:39:00,76394,5.437,1,Marketing
497,Benjamin,Male,2013-05-05,15:28:00,114356,7.123,0,Client Services
498,Diana,Female,1994-06-13,16:21:00,41831,4.548,0,Business Development
499,Barbara,Female,1980-12-10,23:04:00,90187,14.764,1,Distribution
500,Christine,Female,2003-02-01,13:11:00,72613,11.126,0,Legal
501,Sean,Male,2013-02-11,19:07:00,42748,9.765,0,Distribution
502,Sarah,Female,1980-11-03,14:47:00,37259,1.763,0,Client Services
503,Roger,Male,2015-08-03,16:56:00,125033,4.887,1,Marketing
504,Roger,Female,2014-06-24,10:05:00,38275,10.494,0,Distribution
505,Roger,Male,1980-04-20,13:17:00,71520,13.248,0,Engineering
506,Donald,Male,1995-07-14,07:51:00,106472,6.499,1,Client Services
507,Clarence,Male,2015-11-03,00:11:00,103684,18.654,1,Engineering
508,Scott,Male,1996-11-23,19:36:00,96111,15.592,0,Human Resources
509,Ann,Female,1984-11-04,12:17:00,90719,6.22,0,Business Development
510,Frank,Male,2003-04-27,12:04:00,140303,17.07,0,Legal
511,Joe,Male,1983-07-04,07:32:00,62161,8.13,1,Business Development
512,Wanda,Female,1993-04-06,03:11:00,78883,19.695,0,Business Development
513,Jimmy,Male,2013-11-19,19:29:00,63549,19.624,0,Business Development
514,Amy,Male,1984-12-25,10:52:00,63888,18.115,1,Product
515,Larry,Male,1999-01-08,02:05:00,97370,10.458,0,Sales
516,Gloria,Female,1992-04-12,20:26:00,66224,15.979,1,Legal
517,Ruth,Female,1996-12-12,10:07:00,97915,3.997,1,Human Resources
518,Diana,Female,1995-01-19,00:37:00,86883,18.003,1,Product
519,Raymond,Male,2009-02-16,22:38:00,37812,3.178,0,Human Resources
520,Peter,Male,2003-02-22,09:09:00,56580,8.411,1,Human Resources
521,Peter,Male,1981-09-25,09:59:00,83895,17.971,0,Engineering
522,Catherine,Female,2013-08-31,19:24:00,58047,14.858,1,Distribution
523,Diane,Female,1982-07-05,16:56:00,124889,15.026,1,Sales
524,Peter,Female,2014-10-13,21:33:00,118840,14.509,1,Client Services
525,Steve,Male,1995-08-22,06:58:00,67780,9.54,1,Human Resources
526,Barbara,Female,2004-03-22,08:11:00,144677,8.696,0,Finance
527,Helen,Female,1993-12-02,13:42:00,45724,1.022,0,Product
528,Jimmy,Female,1983-08-26,02:48:00,86676,7.175,1,Product
529,Christopher,Male,2014-04-23,07:52:00,82401,7.252,0,Client Services
530,Kathleen,Female,2014-06-13,09:16:00,35575,14.595,0,Distribution
531,Virginia,Female,2010-05-02,21:10:00,123649,10.154,1,Marketing
532,Lisa,Female,2005-02-26,18:33:00,38078,10.28,1,Product
533,Earl,Male,2014-02-11,21:03:00,52620,13.773,0,Product
534,Gerald,Male,1992-01-08,15:50:00,133366,12.292,0,Legal
535,Louise,Female,1981-09-18,05:47:00,91462,8.205,0,Marketing
536,Clarence,Male,1982-08-26,09:47:00,146589,4.905,1,Business Development
537,Cynthia,Female,1991-09-14,13:08:00,51633,13.472,1,Business Development
538,Adam,Male,2010-10-08,21:53:00,45181,3.491,0,Human Resources
539,Justin,Male,1999-09-06,10:30:00,62454,3.459,1,Sales
540,Justin,Female,2009-12-02,03:30:00,84746,4.82,0,Finance
541,Ruby,Female,1999-05-01,03:36:00,147362,7.851,1,Engineering
542,Amanda,Female,2004-08-01,13:32:00,80803,14.077,1,Distribution
543,Anna,Female,2008-04-15,14:34:00,117293,2.366,0,Client Services
544,Roger,Male,2010-07-03,17:11:00,105689,13.32,1,Marketing
545,Julie,Male,1999-02-04,17:35:00,93302,9.048,1,Product
546,Joseph,Male,1992-09-10,18:50:00,102555,3.672,1,Product
547,Evelyn,Female,1998-09-22,19:55:00,51525,10.366,0,Finance
548,Janice,Female,1984-01-02,21:06:00,41190,3.311,1,Sales
549,Sara,Female,1980-02-25,22:50:00,75484,3.186,0,Finance
550,Gregory,Male,1984-06-18,03:46:00,82726,16.304,1,Marketing
551,Philip,Male,1985-07-18,06:36:00,122319,19.122,0,Engineering
552,Barbara,Female,1991-09-02,15:41:00,127297,11.905,1,Product
553,Amanda,Female,2002-06-07,07:46:00,109290,13.853,0,Engineering
554,Phyllis,Female,1985-10-25,07:11:00,99150,6.007,0,Client Services
555,Anne,Female,1996-10-26,20:09:00,71930,18.451,1,Product
556,Arthur,Male,2014-12-16,16:56:00,66819,6.639,1,Marketing
557,Jane,Female,1994-06-01,08:39:00,42424,18.115,0,Distribution
558,Linda,Female,1985-08-18,04:34:00,51431,13.295,0,Engineering
559,Ashley,Female,1999-11-17,21:18:00,120675,6.51,0,Human Resources
560,Shawn,Male,2009-12-03,10:24:00,96610,2.097,1,Client Services
561,Kathleen,Female,1996-09-20,15:45:00,71430,8.572,0,Engineering
562,Sara,Female,1983-10-07,13:35:00,87713,18.863,1,Legal
563,Randy,Male,2002-05-02,19:39:00,86723,14.842,0,Engineering
564,Andrew,Male,1985-03-29,18:57:00,43414,7.563,1,Client Services
565,Marilyn,Female,2006-08-09,11:24:00,87145,17.33,0,Human Resources
566,Johnny,Male,1995-01-08,13:35:00,91124,12.986,1,Distribution
567,Johnny,Female,1980-04-01,20:04:00,48141,12.605,0,Distribution
568,Susan,Female,1986-04-18,09:31:00,90829,19.142,0,Marketing
569,Ruby,Female,1980-07-07,03:42:00,101262,6.773,0,Client Services
570,Kelly,Female,1996-08-16,03:09:00,41427,1.431,0,Product
571,Jonathan,Male,1995-04-06,22:38:00,56993,18.623,0,Marketing
572,Raymond,Male,1996-01-13,16:14:00,114244,16.69,0,Human Resources
573,Kimberly,Female,1981-12-30,04:51:00,81800,5.435,1,Human Resources
574,Kimberly,Female,2009-01-13,13:01:00,118736,7.421,0,Client Services
575,John,Male,1995-01-22,00:17:00,66077,5.809,1,Product
576,Michael,Male,1993-07-30,17:35:00,35013,14.879,0,Product
577,Jerry,Male,2003-05-04,04:29:00,98393,11.393,0,Client Services
578,Amanda,Female,1982-03-17,23:46:00,107111,1.438,1,Product
579,Harold,Male,2010-10-18,20:45:00,65673,1.187,1,Legal
580,Harry,Male,1985-01-27,20:18:00,65482,18.089,0,Legal
581,Ernest,Male,1990-01-28,00:08:00,81919,15.118,0,Marketing
582,Harry,Male,1982-11-19,11:25:00,59277,10.2,0,Finance
583,Diane,Female,1988-02-02,18:14:00,49501,13.506,0,Business Development
584,Jack,Male,2012-05-30,03:17:00,70367,18.266,1,Legal
585,Shirley,Female,1988-04-16,11:09:00,132156,2.754,0,Marketing
586,Rose,Female,2004-10-30,16:34:00,56961,7.585,0,Marketing
587,Cheryl,Female,1982-07-23,06:28:00,98841,8.945,1,Client Services
588,Cynthia,Female,1980-05-23,03:19:00,78226,2.419,0,Human Resources
589,Sandra,Female,1995-04-24,19:14:00,116931,9.657,1,Human Resources
590,Andrea,Female,1994-10-30,11:23:00,87575,13.346,1,Business Development
591,Rachel,Female,1988-04-22,12:01:00,110924,7.808,0,Distribution
592,Justin,Male,1981-05-24,23:15:00,78351,15.221,0,Sales
593,Marie,Female,2000-11-23,05:06:00,125574,4.644,0,Sales
594,Louis,Male,2011-04-15,05:02:00,95198,2.075,0,Business Development
595,Nancy,Female,1985-05-07,22:20:00,121006,3.512,1,Finance
596,Mark,Male,1984-10-03,05:31:00,95728,6.752,1,Business Development
597,Teresa,Female,1987-06-24,19:37:00,69740,8.294,0,Distribution
598,Frances,Female,2001-07-21,02:34:00,91996,11.506,0,Product
599,Frances,Female,1990-10-11,22:57:00,98385,10.925,0,Human Resources
600,Barbara,Female,1994-12-20,10:09:00,90556,15.749,1,Distribution
601,Christine,Female,1980-06-15,18:00:00,50366,9.862,1,Marketing
602,Bobby,Female,2003-07-21,15:50:00,84232,15.704,1,Engineering
603,Carl,Female,1991-10-26,08:11:00,100888,12.49,1,Business Development
604,Bruce,Male,2013-03-15,23:13:00,141335,15.427,1,Engineering
605,Rose,Female,1982-05-20,09:14:00,97691,2.142,0,Client Services
606,Mildred,Female,1981-02-21,03:30:00,47266,10.256,0,Client Services
607,Mildred,Male,1983-10-13,23:59:00,139754,12.74,0,Sales
608,Mildred,Female,1993-10-24,17:17:00,116236,17.274,0,Engineering
609,Todd,Male,2010-02-16,11:29:00,103405,15.91,0,Sales
610,Alan,Male,2012-02-17,00:26:00,41453,10.084,0,Product
611,Elizabeth,Male,1981-02-16,03:58:00,52730,12.525,0,Marketing
612,Julie,Male,2000-10-21,01:15:00,60361,7.099,1,Distribution
613,Teresa,Male,1992-01-03,15:47:00,63103,11.378,0,Finance
614,Eric,Male,2004-11-12,21:16:00,65168,11.513,0,Distribution
615,Edward,Male,2001-08-30,01:24:00,73105,6.083,1,Engineering
616,Kimberly,Female,1986-12-06,14:23:00,37916,12.929,1,Distribution
617,Kathy,Female,2001-01-14,05:11:00,45682,1.451,1,Marketing
618,Peter,Male,1992-11-24,17:43:00,69297,1.268,0,Finance
619,Beverly,Female,1990-10-22,14:45:00,59070,19.064,1,Engineering
620,Ralph,Male,2012-03-07,02:25:00,81215,8.4,0,Finance
621,Justin,Male,1997-08-10,23:00:00,128036,18.824,0,Client Services
622,Irene,Female,2005-06-23,11:03:00,89780,8.999,1,Sales
623,Irene,Female,2006-11-29,14:14:00,125018,9.601,1,Legal
624,Jeremy,Male,1997-11-26,08:22:00,133033,12.2,0,Sales
625,Cynthia,Female,2015-06-29,06:38:00,82408,8.701,1,Marketing
626,Cynthia,Female,1997-04-13,08:03:00,131755,2.93,0,Marketing
627,Anne,Female,1984-11-21,12:30:00,128305,16.636,0,Marketing
628,Anne,Female,1988-09-02,12:49:00,147309,1.702,0,Distribution
629,Debra,Female,1983-03-12,12:19:00,74911,19.513,0,Marketing
630,Michael,Male,1988-07-13,13:48:00,47079,2.617,0,Legal
631,Jason,Male,2008-03-06,01:20:00,82873,1.869,0,Client Services
632,Rebecca,Female,1990-02-23,15:21:00,134673,6.878,0,Engineering
633,Andrea,Female,2011-11-17,14:37:00,123591,6.5,1,Engineering
634,Carl,Male,1987-03-30,17:59:00,75598,19.289,0,Engineering
635,Randy,Male,2000-09-27,03:04:00,89831,13.047,1,Engineering
636,Marilyn,Female,1984-07-02,16:06:00,92430,2.924,0,Engineering
637,Wayne,Male,2009-09-02,01:37:00,126956,18.396,0,Human Resources
638,Frances,Female,1996-11-12,18:08:00,112467,1.433,0,Business Development
639,Amanda,Female,1991-08-11,14:15:00,46665,19.391,1,Client Services
640,Kathleen,Female,2004-08-28,10:49:00,42553,3.756,1,Distribution
641,Amanda,Female,1995-01-25,05:06:00,102081,5.203,0,Sales
642,Amanda,Female,2010-03-16,09:17:00,135118,15.108,0,Finance
643,Shawn,Male,1987-09-29,22:11:00,71975,9.77,0,Human Resources
644,Katherine,Female,1996-08-13,00:21:00,149908,18.912,0,Finance
645,Anna,Female,1985-03-13,09:19:00,45418,10.162,0,Marketing
646,Elizabeth,Female,2010-02-21,07:02:00,79145,19.78,0,Finance
647,Donald,Male,1988-04-06,10:00:00,122920,5.32,0,Finance
648,Gregory,Male,1999-11-15,17:22:00,128031,15.857,1,Business Development
649,Ruth,Female,2004-02-17,05:38:00,59969,14.064,1,Finance
650,Cynthia,Female,1986-07-05,01:24:00,35381,11.749,0,Finance
651,Deborah,Female,1985-11-21,13:40:00,113129,17.371,0,Client Services
652,Willie,Male,2009-12-05,05:39:00,141932,1.017,1,Engineering
653,Debra,Female,2006-05-28,06:51:00,42296,16.922,0,Product
654,Carl,Male,1984-12-14,20:49:00,63395,11.411,0,Legal
655,Walter,Male,2007-09-24,23:16:00,125382,13.613,1,Client Services
656,Lisa,Female,1982-02-09,18:44:00,113592,17.108,1,Marketing
657,Rebecca,Female,2000-03-05,10:33:00,46750,11.367,1,Sales
658,Jessica,Female,1986-10-19,21:58:00,90285,13.591,1,Client Services
659,Steve,Female,2009-08-27,15:41:00,53692,4.785,1,Marketing
660,Mary,Female,1986-12-24,19:02:00,100341,6.662,0,Distribution
661,Craig,Male,1995-08-21,02:38:00,123876,4.225,0,Engineering
662,Katherine,Female,2000-12-19,01:40:00,41643,4.659,1,Distribution
663,Andrea,Female,1989-08-31,23:10:00,113760,12.866,1,Distribution
664,Timothy,Male,2010-10-06,22:49:00,49473,12.463,0,Legal
665,Anthony,Male,2013-02-13,13:35:00,146141,3.645,1,Distribution
666,Harold,Male,2004-02-04,11:02:00,79459,7.776,1,Business Development
667,Douglas,Male,2009-02-04,02:03:00,104496,14.771,1,Marketing
668,James,Male,2001-12-05,07:06:00,67789,17.105,1,Legal
669,Joseph,Male,1982-03-28,13:05:00,86564,11.879,1,Legal
670,Martha,Female,2001-09-14,03:22:00,135758,14.782,1,Client Services
671,Laura,Female,2000-07-12,18:07:00,84672,3.96,0,Distribution
672,Robert,Male,1982-11-05,12:41:00,111580,10.982,0,Human Resources
673,Ralph,Male,1996-03-24,11:54:00,50455,16.248,0,Business Development
674,Ralph,Male,2012-08-28,19:56:00,88733,1.932,0,Human Resources
675,Diane,Female,2009-10-30,18:56:00,130577,12.791,0,Marketing
676,Annie,Female,1992-06-06,10:04:00,138925,9.801,1,Marketing
677,Jacqueline,Female,1994-09-20,18:07:00,62371,15.77,1,Client Services
678,Brenda,Female,1984-04-17,07:12:00,87715,2.675,0,Product
679,Lori,Female,2002-09-11,07:36:00,66029,3.345,1,Client Services
680,Albert,Male,1992-06-17,03:25:00,86818,14.301,1,Engineering
681,Frank,Male,2002-11-23,18:10:00,75147,17.398,0,Product
682,Deborah,Female,2000-04-23,18:55:00,105573,5.268,1,Product
683,Robin,Female,2005-12-20,14:42:00,41230,6.611,1,Distribution
684,Alice,Female,2016-01-21,17:07:00,117787,10.485,0,Distribution
685,Alice,Male,1989-10-20,09:37:00,88086,19.387,0,Finance
686,Paul,Male,2011-02-18,12:23:00,91462,18.704,0,Finance
687,Paul,Male,1996-12-27,07:07:00,139959,8.992,0,Distribution
688,Brian,Male,2007-04-07,22:47:00,93901,17.821,1,Legal
689,Julie,Male,1980-05-08,06:31:00,50529,17.263,0,Finance
690,Bruce,Male,2007-01-28,23:10:00,134988,13.926,1,Sales
691,Joan,Female,2007-10-02,02:53:00,120941,3.694,1,Finance
692,Harold,Male,2007-05-15,18:37:00,118753,8.162,0,Sales
693,Alice,Female,1995-10-16,21:19:00,92799,2.782,0,Sales
694,Barbara,Female,2011-11-12,00:35:00,85718,13.326,0,Client Services
695,Sarah,Female,1999-04-06,11:17:00,109517,5.146,0,Human Resources
696,Samuel,Male,2012-05-25,16:40:00,85550,11.593,1,Marketing
697,Samuel,Male,1990-05-23,02:09:00,136655,9.801,0,Distribution
698,Barbara,Male,2002-08-02,05:13:00,43312,8.218,1,Legal
699,Amy,Male,1984-05-19,11:47:00,102839,10.385,1,Distribution
700,Frank,Male,2009-03-02,21:15:00,78891,7.927,1,Distribution
701,Robin,Male,2005-09-16,01:26:00,93201,11.712,1,Legal
702,Debra,Female,2011-03-17,13:12:00,84693,6.976,1,Finance
703,Brandon,Female,2004-05-31,15:36:00,73587,9.769,1,Human Resources
704,Thomas,Male,1991-09-07,09:51:00,65251,11.211,0,Distribution
705,Harry,Male,2015-09-23,01:36:00,129148,15.193,1,Engineering
706,Todd,Male,1993-07-04,18:53:00,128175,18.473,1,Engineering
707,Patricia,Female,1998-03-07,01:10:00,75825,7.839,0,Engineering
708,Steve,Male,2002-01-11,21:17:00,51821,1.197,1,Legal
709,Steve,Male,1995-04-07,04:32:00,60411,12.048,0,Human Resources
710,Edward,Male,1997-11-27,01:00:00,58327,17.095,1,Finance
711,Karen,Female,2014-01-09,22:09:00,46478,16.552,0,Engineering
712,Martin,Female,2001-02-06,04:17:00,123963,15.745,1,Engineering
713,Ann,Female,1994-09-28,05:44:00,79796,9.851,0,Distribution
714,Jonathan,Male,1984-07-30,18:02:00,83809,12.922,0,Distribution
715,Peter,Male,1982-03-22,07:28:00,77933,13.132,1,Engineering
716,Eric,Male,1993-06-15,03:56:00,51070,13.806,1,Business Development
717,Jason,Male,1988-04-15,20:16:00,97480,11.518,0,Human Resources
718,Terry,Male,2010-10-21,23:18:00,58357,7.969,0,Engineering
719,John,Male,1999-01-29,03:07:00,67165,13.001,0,Engineering
720,Marie,Female,1983-04-08,14:01:00,145988,18.685,1,Human Resources
721,Harold,Male,2010-04-16,05:13:00,147417,11.626,1,Business Development
722,Joshua,Male,1997-06-27,15:23:00,95003,5.197,1,Marketing
723,Brandon,Male,1992-09-05,02:32:00,144187,11.416,1,Legal
724,Andrea,Female,2001-12-10,06:40:00,37888,13.47,0,Engineering
725,Jeremy,Male,1991-05-19,13:40:00,131513,1.876,1,Finance
726,Daniel,Male,2016-02-29,04:04:00,77287,13.0,1,Finance
727,Roy,Male,2004-05-10,13:22:00,46875,12.942,1,Sales
728,Dorothy,Female,2008-10-08,00:22:00,82744,19.111,1,Client Services
729,Steven,Male,1986-09-07,00:32:00,43252,18.892,0,Client Services
730,Nicole,Female,2009-04-26,00:40:00,66047,18.674,1,Marketing
731,Ann,Female,2001-07-16,09:27:00,118431,12.772,1,Finance
732,Henry,Male,1986-05-12,02:04:00,59943,1.432,0,Finance
733,Henry,Male,2009-06-17,13:00:00,136681,3.655,0,Business Development
734,Henry,Female,1994-12-18,20:42:00,138807,1.4,0,Human Resources
735,Barbara,Female,2002-11-26,05:32:00,82884,6.837,1,Business Development
736,Judy,Female,2011-04-05,01:44:00,48668,11.716,1,Product
737,Lawrence,Male,2011-07-23,03:41:00,122971,14.618,0,Product
738,Joseph,Male,2010-10-10,23:12:00,107050,12.737,0,Business Development
739,Carlos,Male,1981-01-25,10:00:00,138598,14.737,0,Sales
740,Russell,Male,2009-05-09,11:59:00,149456,3.533,0,Marketing
741,Jane,Female,1999-07-10,19:02:00,128540,15.941,0,Legal
742,Martin,Male,2016-02-25,18:29:00,61117,2.844,0,Client Services
743,Steven,Male,1980-05-30,20:25:00,100949,13.813,1,Human Resources
744,Judy,Male,2011-07-15,15:38:00,46829,5.19,1,Finance
745,James,Male,2008-02-16,02:49:00,69111,14.625,1,Business Development
746,Gloria,Female,2004-08-19,10:31:00,46602,1.027,1,Business Development
747,Ernest,Male,2001-06-30,13:46:00,61181,16.559,0,Business Development
748,Martha,Female,1997-07-17,23:11:00,94963,19.626,1,Business Development
749,Janet,Female,1986-01-25,05:48:00,85789,9.712,0,Legal
750,Louis,Female,1983-02-05,18:39:00,145274,16.379,0,Product
751,Tina,Female,1999-08-06,03:18:00,102841,3.369,0,Client Services
752,Henry,Male,2007-02-23,03:24:00,49665,18.338,0,Business Development
753,Antonio,Male,1999-06-06,22:54:00,41928,5.478,1,Business Development
754,Lisa,Female,2007-04-11,01:04:00,128042,2.03,1,Legal
755,Denise,Female,1984-02-19,06:22:00,86150,3.997,0,Client Services
756,Stephen,Male,1984-10-21,06:26:00,121816,10.615,1,Distribution
757,Benjamin,Male,1988-04-12,23:32:00,123409,7.783,0,Product
758,Carl,Male,2007-08-18,08:01:00,98295,7.617,1,Legal
759,Ruth,Female,1980-09-02,06:52:00,59678,10.895,0,Distribution
760,Shawn,Male,2006-12-29,03:05:00,57871,4.02,1,Human Resources
761,Jennifer,Female,2015-03-31,19:43:00,132084,10.006,1,Engineering
762,Terry,Male,2004-11-10,04:33:00,35633,3.947,1,Distribution
763,Jacqueline,Female,2008-07-27,12:08:00,125298,3.019,1,Legal
764,Roger,Male,1988-05-02,22:04:00,115582,15.343,1,Sales
765,Alice,Male,1995-04-23,06:35:00,148339,11.479,1,Finance
766,Justin,Male,1991-07-25,00:45:00,112975,9.699,0,Human Resources
767,Janet,Female,2008-07-12,12:10:00,36927,18.769,0,Client Services
768,Robin,Female,2004-03-26,17:41:00,70248,9.66,1,Sales
769,Samuel,Female,2002-10-07,03:08:00,141305,9.849,1,Marketing
770,Katherine,Female,2006-09-22,20:08:00,72002,13.178,1,Product
771,Peter,Male,1991-05-22,01:39:00,102577,12.026,1,Product
772,Lillian,Female,2009-08-14,05:41:00,113554,18.018,1,Business Development
773,Lillian,Male,1986-10-24,09:23:00,47176,10.736,0,Finance
774,Lillian,Female,2000-06-18,07:36:00,106428,10.867,0,Finance
775,Rose,Female,1999-11-03,09:06:00,75181,6.06,1,Finance
776,Bobby,Male,2004-09-30,22:52:00,79047,18.784,0,Human Resources
777,Kimberly,Female,1986-04-20,15:55:00,52970,4.513,0,Sales
778,Antonio,Male,2003-12-28,04:17:00,137979,5.266,0,Distribution
779,Doris,Female,1984-09-08,19:03:00,114360,17.799,1,Business Development
780,Steven,Male,2009-07-05,04:55:00,110306,16.843,1,Human Resources
781,Lawrence,Male,1995-07-03,22:55:00,46378,9.127,0,Human Resources
782,Lawrence,Male,1986-05-06,16:41:00,74104,17.68,0,Client Services
783,Lawrence,Male,1991-04-15,03:39:00,132505,13.592,0,Product
784,Stephanie,Female,1982-09-14,08:14:00,96649,3.453,0,Sales
785,Stephanie,Female,1982-07-24,00:00:00,57811,8.941,0,Marketing
786,Sandra,Female,1989-09-07,16:17:00,111468,2.58,1,Product
787,Kevin,Male,2005-07-01,15:22:00,141498,4.135,1,Sales
788,Michelle,Male,2012-03-31,06:28:00,124441,16.353,0,Business Development
789,Lisa,Female,2000-07-08,21:19:00,40121,6.293,0,Product
790,Fred,Male,1989-03-03,02:27:00,129712,11.058,0,Finance
791,Joseph,Male,1982-11-04,21:46:00,126010,19.601,0,Legal
792,Anne,Male,1996-04-18,23:57:00,122762,9.564,0,Distribution
793,Andrea,Female,1999-07-22,09:25:00,149105,13.707,1,Distribution
794,Nicole,Female,2004-03-01,17:17:00,44021,10.286,0,Distribution
795,Theresa,Female,1995-10-07,10:16:00,42025,3.319,1,Human Resources
796,Catherine,Female,1986-08-31,18:20:00,59970,12.801,0,Client Services
797,Rose,Female,1982-12-31,18:50:00,145001,19.85,0,Engineering
798,Lawrence,Male,1984-10-01,14:06:00,102589,17.952,1,Marketing
799,Raymond,Male,1986-12-12,12:18:00,47529,2.712,1,Product
800,Clarence,Male,1989-08-05,18:11:00,148941,11.517,0,Product
801,Ryan,Male,1988-04-15,05:18:00,91109,17.499,1,Human Resources
802,Jane,Female,1992-01-12,13:23:00,51923,13.623,0,Business Development
803,Lois,Female,2012-07-28,11:39:00,53954,19.075,0,Product
804,Shawn,Male,2008-03-17,14:12:00,39335,10.664,0,Distribution
805,Thomas,Male,1990-05-03,09:29:00,111371,15.081,1,Engineering
806,Kathryn,Female,2008-01-29,00:29:00,86676,6.081,0,Sales
807,Mary,Female,2011-11-06,08:32:00,115057,2.089,0,Finance
808,Julie,Female,1980-03-08,05:13:00,145357,3.459,0,Engineering
809,George,Male,1995-09-27,17:04:00,36749,19.754,0,Finance
810,Ralph,Male,2000-02-10,16:48:00,89854,7.227,0,Business Development
811,Judith,Female,1989-09-03,11:16:00,134048,6.818,1,Marketing
812,Judith,Male,1994-12-13,10:34:00,141311,5.478,0,Product
813,Evelyn,Female,2002-02-10,04:44:00,123621,19.767,1,Marketing
814,Rachel,Female,2011-06-23,00:52:00,54941,3.221,1,Distribution
815,Maria,Female,1986-01-18,20:36:00,106562,4.0,0,Human Resources
816,Kelly,Female,2007-03-17,18:20:00,39371,4.068,0,Engineering
817,Ruby,Female,2008-05-31,20:41:00,83112,4.083,0,Marketing
818,Ann,Female,1980-10-03,01:08:00,96941,10.048,1,Distribution
819,Kenneth,Male,1985-12-14,06:55:00,47232,17.862,1,Legal
820,William,Male,1993-11-18,12:27:00,54058,5.182,1,Human Resources
821,William,Female,1980-12-27,02:27:00,80399,12.254,0,Distribution
822,Deborah,Female,2009-02-26,10:17:00,118043,7.266,1,Business Development
823,Deborah,Male,2009-11-12,14:30:00,109411,9.494,0,Engineering
824,Julia,Female,2014-08-18,03:12:00,97566,2.147,0,Marketing
825,Robert,Female,2000-12-04,01:20:00,69267,5.89,1,Sales
826,Robert,Female,1988-08-01,01:35:00,87103,5.665,0,Sales
827,Jesse,Female,2014-07-16,02:24:00,98811,7.487,0,Legal
828,Cynthia,Female,2006-07-12,08:55:00,149684,7.864,0,Product
829,Johnny,Male,2007-01-14,14:54:00,71383,2.097,1,Human Resources
830,Michael,Male,2002-08-31,01:20:00,81206,19.908,1,Distribution
831,Kenneth,Male,2015-01-15,14:41:00,69112,7.588,1,Finance
832,Keith,Male,2003-02-12,15:02:00,120672,19.467,0,Legal
833,Gerald,Male,2010-05-28,12:26:00,96511,9.331,0,Human Resources
834,Carl,Male,1982-02-11,07:54:00,49325,2.071,1,Business Development
835,Douglas,Male,2007-08-04,05:23:00,132175,2.28,0,Engineering
836,Carolyn,Female,2004-03-17,06:38:00,118037,13.492,0,Finance
837,Joseph,Male,1985-05-23,22:16:00,139570,15.804,1,Finance
838,Billy,Male,2000-04-06,15:14:00,115280,9.153,0,Distribution
839,Joyce,Female,2001-07-25,06:04:00,51065,16.807,0,Human Resources
840,Lillian,Female,2002-08-26,08:53:00,103854,4.924,1,Distribution
841,Ruby,Female,2006-08-13,18:27:00,48354,19.501,0,Business Development
842,Sandra,Female,1998-02-07,12:39:00,132327,19.264,0,Product
843,Louise,Female,1982-02-26,01:03:00,106362,8.965,0,Sales
844,Maria,Female,1985-06-19,01:48:00,148857,8.738,0,Legal
845,Brenda,Female,1981-01-03,18:01:00,131131,11.682,0,Client Services
846,Stephen,Male,1990-09-10,22:42:00,129663,15.574,0,Human Resources
847,Nicole,Male,1981-05-02,12:03:00,41449,4.707,0,Finance
848,Bobby,Male,1984-06-05,07:40:00,93368,2.88,1,Product
849,Ernest,Male,1997-09-06,14:02:00,53335,9.192,0,Product
850,Charles,Male,1997-09-03,10:04:00,148291,6.002,0,Product
851,Bobby,Male,1996-08-19,01:16:00,147842,16.158,1,Product
852,Diana,Female,2004-11-19,08:47:00,105066,17.343,1,Business Development
853,Mildred,Female,2007-04-06,22:06:00,139284,11.39,1,Business Development
854,Harry,Male,1985-02-10,19:46:00,63046,10.411,0,Finance
855,Phillip,Male,2003-10-20,11:09:00,89700,2.277,1,Finance
856,Bonnie,Male,2006-01-18,18:52:00,108946,12.211,0,Finance
857,Marie,Female,1993-12-08,18:28:00,98406,7.943,1,Product
858,Sean,Male,2006-04-25,16:51:00,108581,9.634,0,Human Resources
859,Robin,Female,2012-10-01,02:44:00,41808,19.239,0,Business Development
860,Phillip,Male,1984-10-07,11:05:00,36837,14.66,0,Marketing
861,Jerry,Male,1989-03-26,04:15:00,140850,18.855,0,Finance
862,Ronald,Male,1983-05-25,10:05:00,50426,18.536,1,Sales
863,Phillip,Male,1984-05-15,06:15:00,134120,6.842,0,Human Resources
864,Ryan,Male,2012-11-16,13:47:00,57292,6.01,0,Human Resources
865,Karen,Female,1997-08-29,16:56:00,80633,16.306,0,Legal
866,Bonnie,Female,2004-08-25,02:17:00,131943,14.249,0,Client Services
867,Earl,Male,2013-06-15,03:00:00,48046,7.737,0,Marketing
868,Katherine,Female,2013-08-18,15:58:00,97443,13.657,0,Product
869,Matthew,Male,1995-08-03,05:39:00,135352,7.986,1,Business Development
870,Cynthia,Male,1996-11-19,22:40:00,107816,18.751,0,Marketing
871,Gerald,Male,2003-03-29,10:37:00,96329,2.469,1,Engineering
872,Brenda,Female,2015-01-18,16:39:00,73749,19.332,0,Business Development
873,Jason,Male,1998-05-01,18:05:00,75607,4.299,1,Sales
874,Melissa,Female,1994-09-08,04:11:00,98858,3.525,1,Human Resources
875,Beverly,Female,1998-04-11,14:27:00,76485,9.212,1,Engineering
876,Terry,Female,1992-09-11,16:41:00,41238,8.219,0,Marketing
877,Terry,Male,1980-09-05,07:36:00,114896,13.823,0,Client Services
878,Jacqueline,Female,2003-05-25,19:13:00,125418,8.064,0,Distribution
879,Amy,Female,2009-05-20,06:26:00,75415,19.132,0,Client Services
880,Robert,Female,2007-05-25,03:17:00,90998,8.382,0,Finance
881,Ruby,Female,1980-01-28,23:08:00,142868,6.318,0,Marketing
882,Sara,Female,2014-11-18,14:47:00,135990,14.344,1,Distribution
883,Kathryn,Female,1995-10-27,15:39:00,57300,18.015,0,Marketing
884,Lisa,Female,2003-10-17,13:42:00,73706,18.53,0,Finance
885,Juan,Male,1993-10-06,08:52:00,85871,9.16,0,Product
886,Anthony,Male,2014-01-30,21:04:00,96795,14.837,0,Sales
887,David,Male,2009-12-05,08:48:00,92242,15.407,0,Legal
888,Marilyn,Female,2007-10-08,00:32:00,115149,11.934,1,Legal
889,Margaret,Female,2001-01-04,03:07:00,126924,1.552,1,Finance
890,Margaret,Male,2015-11-24,03:11:00,145329,7.1,0,Finance
891,Timothy,Male,1991-08-25,10:37:00,92587,8.475,0,Finance
892,Brandon,Male,1995-10-23,12:04:00,60263,2.709,0,Sales
893,Frank,Male,2013-07-27,16:32:00,91406,5.681,1,Business Development
894,Betty,Female,2002-11-19,10:40:00,37005,7.645,1,Marketing
895,Janice,Female,1991-11-19,18:02:00,139791,16.968,0,Business Development
896,Victor,Male,2010-03-10,17:01:00,45267,3.942,1,Sales
897,Kenneth,Male,1994-02-28,10:10:00,95296,10.146,0,Finance
898,Jane,Female,2012-04-27,14:12:00,59680,15.211,1,Business Development
899,Walter,Male,1992-05-21,00:39:00,144701,16.323,1,Marketing
900,Christina,Female,2002-06-23,15:18:00,35477,18.178,0,Human Resources
901,Patricia,Female,1995-10-10,16:52:00,119266,6.911,0,Distribution
902,Patricia,Male,2001-05-23,19:52:00,103877,6.322,0,Distribution
903,Heather,Female,1983-07-29,10:48:00,47605,14.955,1,Human Resources
904,Stephanie,Female,1988-06-26,05:48:00,136604,6.16,1,Human Resources
905,Alice,Female,2013-02-09,00:49:00,121250,4.363,1,Finance
906,Frances,Female,2014-05-16,08:31:00,35884,17.667,0,Sales
907,Elizabeth,Female,1998-07-27,11:12:00,137144,10.081,0,Finance
908,Janice,Female,2009-12-17,06:42:00,102697,3.283,0,Engineering
909,Donald,Male,1991-08-01,02:25:00,61999,6.466,0,Product
910,Melissa,Female,2002-10-22,01:20:00,45223,8.879,1,Legal
911,Carl,Male,2010-07-07,13:33:00,54033,15.528,1,Business Development
912,Joe,Male,1998-12-08,10:28:00,126120,1.02,0,Business Development
913,Lois,Female,2015-12-11,16:10:00,99747,6.168,0,Marketing
914,Ann,Female,2001-09-28,06:37:00,71958,5.272,1,Distribution
915,Todd,Male,1983-01-04,12:34:00,115566,6.716,1,Client Services
916,Marilyn,Female,1996-01-16,07:18:00,118369,7.696,1,Business Development
917,Shawn,Male,2008-03-13,17:36:00,51667,6.339,0,Product
918,Ryan,Male,1999-04-27,03:41:00,85858,19.475,0,Client Services
919,Sean,Male,2009-03-21,11:38:00,131423,8.957,0,Distribution
920,Rose,Female,2002-01-02,21:14:00,49538,9.828,0,Client Services
921,George,Male,2015-06-05,05:40:00,50369,18.9,1,Sales
922,Arthur,Male,2013-12-05,08:44:00,86615,3.412,1,Business Development
923,Irene,Male,1991-02-28,22:23:00,135369,4.38,0,Business Development
924,Deborah,Female,2003-11-11,16:53:00,60003,9.624,0,Client Services
925,Deborah,Female,2000-08-23,16:19:00,95866,19.388,0,Sales
926,Judith,Female,2004-03-01,07:32:00,109324,19.488,0,Distribution
927,Philip,Male,2005-03-11,10:56:00,103557,16.014,1,Business Development
928,Jeffrey,Male,1986-09-20,06:06:00,111376,2.673,1,Business Development
929,Theresa,Female,2001-04-27,21:17:00,75661,1.079,1,Legal
930,Nancy,Female,2001-09-10,23:57:00,85213,2.386,1,Marketing
931,Harold,Male,2012-06-23,12:40:00,140444,3.771,0,Distribution
932,Bonnie,Female,2008-12-23,09:26:00,90427,2.01,1,Client Services
933,Doris,Female,1993-07-05,17:54:00,141439,3.799,0,Business Development
934,Samuel,Male,1997-08-07,12:40:00,43694,3.787,1,Engineering
935,Alice,Female,1996-03-23,03:09:00,131952,12.09,0,Engineering
936,Maria,Female,2003-03-14,17:23:00,96250,10.056,0,Business Development
937,Aaron,Female,1986-01-22,19:39:00,63126,18.424,0,Client Services
938,Mark,Female,2006-09-09,12:27:00,44836,2.657,0,Client Services
939,Ralph,Female,1995-07-28,18:53:00,70635,2.147,0,Client Services
940,Andrew,Male,1990-09-28,09:38:00,137386,8.611,1,Distribution
941,William,Male,1997-06-26,08:33:00,104840,15.653,1,Engineering
942,Lori,Female,2015-11-20,13:15:00,75498,6.537,1,Marketing
943,Wayne,Male,2006-09-08,11:09:00,67471,2.728,0,Engineering
944,Kenneth,Male,2006-05-10,08:24:00,101914,1.905,1,Distribution
945,Gerald,Male,1989-04-15,12:44:00,93712,17.426,1,Distribution
946,Gerald,Female,1985-09-15,01:50:00,133472,16.941,0,Distribution
947,Gerald,Male,2012-07-30,15:07:00,107351,5.329,0,Marketing
948,Ashley,Female,2006-03-31,13:24:00,142410,11.048,1,Engineering
949,Scott,Male,2011-08-20,08:08:00,37385,8.226,1,Business Development
950,Paula,Female,1983-05-21,11:42:00,58423,10.833,0,Business Development
951,Paula,Female,2010-09-14,05:19:00,143638,9.662,0,Business Development
952,Teresa,Female,2013-01-22,15:17:00,113425,11.907,1,Human Resources
953,Randy,Male,2012-02-25,05:33:00,57266,14.077,0,Product
954,Joe,Male,1980-01-19,16:06:00,119667,1.148,1,Finance
955,Sarah,Female,2014-08-17,23:08:00,127118,11.176,0,Legal
956,Beverly,Female,1986-10-17,00:51:00,80838,8.115,0,Engineering
957,Jeffrey,Male,1984-02-03,13:26:00,70990,15.901,1,Sales
958,Gloria,Female,1987-10-24,04:43:00,39833,9.631,0,Engineering
959,Albert,Male,1992-09-19,02:35:00,45094,5.85,1,Business Development
960,Stephen,Male,1989-10-29,23:34:00,93997,18.093,1,Business Development
961,Antonio,Male,1989-06-18,21:37:00,103050,3.05,0,Legal
962,Jonathan,Male,2013-08-21,00:45:00,121797,16.923,0,Product
963,Ann,Female,1994-09-23,11:15:00,89443,17.94,1,Sales
964,Bruce,Male,1980-05-07,20:00:00,35802,12.391,1,Sales
965,Catherine,Female,1989-09-25,01:31:00,68164,18.393,0,Client Services
966,Louis,Male,2011-08-16,17:19:00,93022,9.146,1,Human Resources
967,Thomas,Male,2016-03-12,15:10:00,105681,19.572,0,Engineering
968,Louise,Female,1995-03-27,22:27:00,43050,11.671,0,Distribution
969,Linda,Female,2010-02-04,20:49:00,44486,17.308,1,Engineering
970,Alice,Female,1988-09-03,20:54:00,63571,15.397,1,Product
971,Patrick,Male,2002-12-30,02:01:00,75423,5.368,1,Business Development
972,Victor,Male,2006-07-28,14:49:00,76381,11.159,1,Sales
973,Russell,Male,2013-05-10,23:08:00,137359,11.105,0,Business Development
974,Harry,Male,2011-08-30,18:31:00,67656,16.455,1,Client Services
975,Susan,Female,1995-04-07,22:05:00,92436,12.467,0,Sales
976,Denise,Female,1992-10-19,05:42:00,137954,4.195,1,Legal
977,Sarah,Female,1995-12-04,09:16:00,124566,5.949,0,Product
978,Sean,Male,1983-01-17,14:23:00,66146,11.178,0,Human Resources
979,Ernest,Male,2013-07-20,06:41:00,142935,13.198,1,Product
980,Kimberly,Female,2013-01-26,00:57:00,46233,8.862,1,Engineering
981,James,Male,1993-01-15,17:19:00,148985,19.28,0,Legal
982,Rose,Female,1982-04-06,10:43:00,91411,8.639,1,Human Resources
983,John,Male,1982-12-23,22:35:00,146907,11.738,0,Engineering
984,Maria,Female,2011-10-15,16:53:00,43455,13.04,0,Engineering
985,Stephen,Female,1983-07-10,20:10:00,85668,1.909,0,Legal
986,Donna,Female,1982-11-26,07:04:00,82871,17.999,0,Marketing
987,Gloria,Female,2014-12-08,05:08:00,136709,10.331,1,Finance
988,Alice,Female,2004-10-05,09:34:00,47638,11.209,0,Human Resources
989,Justin,Female,1991-02-10,16:58:00,38344,3.794,0,Legal
990,Robin,Female,1987-07-24,13:35:00,100765,10.982,1,Client Services
991,Rose,Female,2002-08-25,05:12:00,134505,11.051,1,Marketing
992,Anthony,Male,2011-10-16,08:35:00,112769,11.625,1,Finance
993,Tina,Female,1997-05-15,15:53:00,56450,19.04,1,Engineering
994,George,Male,2013-06-21,17:47:00,98874,4.479,1,Marketing
995,Henry,Male,2014-11-23,06:09:00,132483,16.655,0,Distribution
996,Phillip,Male,1984-01-31,06:30:00,42392,19.675,0,Finance
997,Russell,Male,2013-05-20,12:39:00,96914,1.421,0,Product
998,Larry,Male,2013-04-20,16:45:00,60500,11.985,0,Business Development
999,Albert,Male,2012-05-15,18:24:00,129949,10.169,1,Sales
